name,car_count
지엠물류,362
지엠물류,0
누리렌트카,59
누리렌트카,0
대경렌트카,62
대원렌트카,5
대전렌트카,153
대전렌트카,0
둔산렌트카,68
둔산렌트카,0
리렌트카,38
블루스카이,91
블루스카이,0
비엘렌트카,165
비엘렌트카,0
베스트렌트카,9
오산렌터카,88
에이제이렌터카,6
굿초이스,0
에쓰렌트카,101
에쓰렌트카,0
나라렌터카,55
건아렌트카,10
엠케이렌트카,6
엠씨렌트카,50
태경렌트카,15
우성렌터카,12
SK,28
제이에스렌터카,60
찬누리렌트카,100
제이비우리캐피탈,31167
대한렌터카,78
세영렌트카,70
스마트렌터카,51
하이렌트카,93
참우리렌트카,119
투투렌트카,10
포유 유성지점,0
프린스렌트카,1
기아,91
선우렌트카,9
선우렌트카,0
아마존카,29
아이렌트카 대덕지점,12
아이렌트카 대덕지점,0
참신렌트카여행사,11
포유,58
SK,0
저스트렌트카,0
조은렌트카,6
지에스렌트카 서구지점,4
터미널렌트카,16
가인렌트카,0
디에이치렌트카,2
디에이치렌트카,0
레드캡투어,51
마스타자동차관리,3
마춤카,2
삼성렌트카,9
삼성렌트카,0
쏘카,357
아이렌트카 유성지점,15
아이렌트카 유성지점,0
안전렌터카 유성지점,0
제트카,33
제트카,0
케이카,1
알앤에이,3
에이치케이렌터카,2
우등렌트카,10
이토이렌트카,3
하이렌터카 동구지점,3
기풍렌트카,1
하이렌터카 중구지점,7
가가렌트카,11
넘버원렌트카,2
롯데렌탈,516
롯데렌탈,0
센트럴렌트카,6
스마트렌트카,1
이렌트카,14
이렌트카,0
SK,129
오케이렌트카,32
한진렌트카,54
현대렌트카,18
명가렌트카,33
경일알씨,8
기풍렌트카,8
기풍렌트카,4
기풍렌트카,2
기풍렌트카,3
기풍렌트카,6
하나렌트카,164
모모렌트카,51
천지렌트카,0
독도렌트카,103
울릉도공항렌트카,58
콜렌트카,35
천지렌트카,151
우일렌트카,76
타고,9
금성,353
제너스렌트카,55
광명렌트카,155
대한렌트카,325
한국렌트카,60
피엘아이지렌트카,66
부산렌트카,99
국민카,76
길렌트카,50
유카,134
두리렌트카,79
가렌트카,81
삼천리렌트카,375
가자렌트카,59
삼성렌트카,416
세명SM렌트카,81
예스굿모닝,228
오토렌터카 구미지점,13
국제렌터카,2
드림관광렌트카,53
대한렌트카 홍천제2영업소,20
주성렌트카 홍천영업소,13
SK,36
쏘카,7
영일산업렌트카 홍천영업소,5
웨이 시흥정왕영업소,5
웨이 하남시청영업소,4
웨이 대전만년영업소,1
웨이 동탄중앙영업소,1
웨이 인천송도영업소,1
웨이 경기광주경안영업소,1
웨이 남양주중앙영업소,0
웨이 거제영업소,2
씨엘씨,20
씨엘씨 구례영업소,95
씨엘씨 구례영업소,272
씨엘씨 순천영업소,9
씨엘씨 서울영업소,54
씨엘씨 서울영업소,50
씨엘씨 괴산영업소,30
모모,152
케이비,51
와이엔케이글로벌,35
글로벌렌트카,60
광명렌트카 홍천영업소,25
대한렌트카 홍천영업소,19
에이치에스렌트카,0
뉴하이렌트카,82
삼성렌트카,24
서경렌트카,20
신우렌트카,8
블루렌트카,5
블루렌트카,9
오토월드렌트카,10
나나렌트카,71
세븐렌트카,133
카이스트,65
케이렌트카,95
마이카렌트카,50
중호렌트카,69
신한렌터카,90
피제이렌트카,395
세븐렌탈,388
씨앤피렌터카,75
한빛이엔지,66
에이치케이렌터카,220
쏘카,1
쏘카,2
선우렌트카,37
해원렌트카,35
해원렌트카,7
신한렌트카,97
태진렌트카,61
일박이일렌트카,203
대동렌트카,80
붐렌트카,129
금호투어렌트카,133
부산스타렌터카,61
비엔케이캐피탈,26381
비에스렌터카,72
신영렌트카,106
뉴국제렌트카,116
렌고,71
유카네트웍스,36
응카,222
케이제이렌트카,112
에스엔비렌터카,125
타고렌트카,193
투어스태프,119
마이오토링크 주식회사,162
인스렌터카 영양영업소,2
동양렌트카,97
스마트렌트카,40
스마트렌트카 도계,15
아산렌트카,65
카카오렌트카,80
백두산렌트카,55
더조은렌트카,144
비상렌트카,65
오렌지렌트카,88
부경,54
퍼스트렌트카,58
한국렌트카,75
목송씨앤씨,60
에스디렌터카,58
가가렌터카 고창영업소,3
드림렌터카 고창영업소,1
오뚜기렌트카 고창영업소,25
베스트렌트카 고창영업소,10
번영렌트카,0
스마트렌트카,141
스마트렌트카,0
에스제이모터스,112
에스제이모터스,0
에이치에스렌트카,57
행복오토랜드렌트카,63
새가람렌트카,72
건아렌트카,50
나이스렌트카,108
삼일렌트카,55
포시즌렌트카,130
제일렌트카,81
위드렌터카,183
새부산렌탈,57
뉴굿타임렌트카,67
바이펙스,80
더바른렌터카,97
태현렌트카,77
주식회사 동서남북렌트카,50
건아렌터카,76
해피관광렌터카,72
가가렌트카,19
기아자동차,1872
베스트렌트카,6
에이제이렌터카 주식회사,1
오리엔탈렌터카,14
주식회사 도도렌트카,34
한일상공 유한회사,12
우일렌트카,162
탑스렌터카,66
제이더블유렌트카,69
알리고렌트카,123
미래렌트카,172
국도렌트카,53
태평렌트카,124
고고렌트카,517
채움씨앤씨,61
에스오토렌탈,99
가가렌트카,9
미래렌트카,20
가가렌트카,21
가가렌트카,32
영일산업 칠곡영업소,11
뉴그린렌터카 칠곡영업소,22
제이비렌터카,8
진렌트카부안영업소,7
천일렌트카,74
투어렌트카,54
오션렌트카,70
붕붕렌트카,55
일일사투어렌트카,141
태진렌트카,240
신한렌트카,87
제이카,296
에스원렌트카,60
대한렌트카,142
주식회사 제이렌트카,80
대광렌트카,312
유일렌트카,52
유한회사 피제이렌트카,51
좋은렌트카,58
중부렌트카,7
가가렌트카,16
영호렌트카,100
월드렌트카,47
솔렌트카,1
인스렌트카,7
제로렌트카,4
대구렌트카,11
SK,45
현대렌트카,4
롯데렌탈,2
글로벌금오렌트카,14
극동오토렌탈,22
미르렌트카,7
쏘카,27
하이렌터카,7
힐튼렌트카,5
참신렌트카여행사,14
신화오토렌탈,21
프로렌트카,9
하나에스렌트카,9
한빛렌트카,11
가가렌트카 부안영업소,28
중부가나렌터카 부안영업소,8
진렌트카부안영업소,6
제이엠렌터카,25
아리랑카 주식회사,32
미소렌터카,140
정도인터내셔널,47
그린렌터카,37
그린렌터카,25
그린렌터카,10
그린렌터카,13
그린렌터카,81
우수렌트카,58
유니온렌터카,50
대영렌트카,565
선우렌트카,44
선우렌트카,45
인스렌터카 고령점,1
에쓰렌터카,6
엠케이렌트카,4
모던렌터카,51
블루렌트카,57
서경엔카,163
신세계,58
금호렌터카,53
한국씨엔씨,0
나라렌트,108
나라렌트,0
나래렌트카,247
나래렌트카,0
내셔널렌트카,41
내셔널렌트카,0
마이오토,258
마이오토,0
소망렌트카,56
프로렌트카,105
경희렌트카,16
베스트렌트카,0
비마이카,0
강남렌트카,29
번영렌트카,151
나라렌터카,23
행복렌트카,1
주식회사 에프씨엠,1
금미렌트카,73
카렌트카,50
스카이,345
하이카세상,53
효성렌트카,300
카보스렌터카,122
카엔퍼블릭,295
한길렌트카,140
노블레스렌터카,205
케이엔렌터카,45
프라임렌트카,89
상진물산,50
에이치렌터카,168
제이더블유컴퍼니,181
휴맥스모빌리티,496
올더렌트카,71
케이에스모빌리티,51
더휴먼카,104
초이스렌트카,246
채움씨앤씨,29
SK,6835
뉴지제이렌트카,29
우리렌트카,50
준렌트카,17
금오렌트카,3
곰두리렌트카,8
조은렌트카,15
조이렌트카,1
타이거렌터카,19
예스굿모닝,28
응카,30
붐렌트카,9
티지전기차,15
주식회사 웨이,4
뉴대명렌트카,0
케이카주식회사,0
뉴현대렌트카,0
유성렌트카,3
지에스렌트카,1
차놀자렌트카,1
쏘카,6
리렌트카,1
여행온,85
여수렌트카,35
삼일렌트카 여천,8
삼일렌트카 화장,22
삼일렌트카 봉산,51
에이스투어렌터카 전남동부,1
에이스투어렌터카 여수,2
롯데렌탈,98
에이제이렌트카,0
케이디에프,16
동부렌트카 여수,3
동부렌트카 여천,0
동부렌트카 동여수,12
나라렌트카,9
레드캡투어,6
고려렌트카 여수,34
고려렌트카 엑스포,10
케이제이렌트카 울산영업소,11
투투렌트카 울산영업소,5
피제이렌트카 울산영업소,2
하나렌트카 울산영업소,8
하이렌터카,9
한지렌트카 북울산영업소,8
한국씨엔씨,25
부경렌트카 울산영업소,22
브이아이피렌트카 울산영업소,11
VIP렌트카 온산영업소,25
삼천리렌트카 남울산영업소,57
삼천리렌트카 북울산영업소,10
신세계 남울산영업소,10
신세계 울산영업소,14
쏘카,337
씨앤에이치프리미어렌탈,1
아이엠에스원,0
SK,103
에이치케이렌트카 서울산영업소,12
에프씨엠 울산영업소,4
오케이렌트카 울산북구영업소,22
용인렌트카 울산영업소,8
웨이렌트카,5
위너스앤파트너스,4
유성렌트카,11
유카 KTX울산역점,10
유카네트웍스 울산역무인영업소,26
유카 르노코리아자동차 울산지점 영업소,0
지에스렌트카 울산영업소,6
창신렌트카 울산영업소,26
칸렌트카 울산영업소,6
바른렌트카,50
곰두리렌터카,390
금강렌트카,126
금성교역,61
나우렌트카,105
뉴곰두리렌터카,95
뉴현대렌트카,82
대동렌트카,65
울산렌트카,41
제일렌트카,71
타이거렌트카,243
현대하이렌트카,63
극동오토렌탈 언양영업소,32
극동오토렌탈 울산영업소,32
금호렌트카,6
뉴그린렌트카 울산영업소,6
뉴대명렌트카 울산영업소,3
뉴예스렌트카 울산영업소,7
레드캡투어 울산영업소,6
롯데렌탈 울산영업소,556
마춤카 울산영업소,9
모두렌터카 울산남구영업소,7
모두렌터카 울산삼산영업소,2
현대디씨렌트카,8
로또렌트카,15
현대관광렌트카,3
건아렌트카,15
타고렌터카 장흥영업소,5
동부렌트카 장흥영업소,9
케이제이렌트카,19
스타렌트카,12
에이치케이렌터카,4
교보렌터카,97
뉴욕렌트카,92
)렌트카매니아,153
한일상공,162
이지웨이렌트카,187
렌탈스테이션,137
퍼시픽렌터카,2005
플러스원렌트카,118
바다렌트카,385
렌트원,238
푸른렌트카,62
범아렌트카,144
정투청렌트카,57
경동렌트카 문경영업소,5
영호렌트카 문경영업소,4
인스렌터카 문경영업소,6
MK렌트카 문경영업소,28
하나렌트,0
케이투렌트카,7
케이투렌트카,9
부일렌트카,1
대한렌트카,24
진렌트카,29
쏘카,156
로또렌트카,11
로또렌트카,6
로또렌트카,22
스마트렌트카,9
에이엠렌터카,0
독도렌트카,16
뉴대한렌트카,0
한기련렌트카,3
본렌터카,3
한빛렌트카,8
마스타자동차관리,13
스마트렌트카 지니,8
스마트렌트카 강릉,6
SK,62
대상렌트카,8
울릉도렌트카,77
울릉도렌트카,10
울릉도렌트카,37
울릉도렌트카,19
뉴명차,56
솔렌트카,51
신화오토렌탈,16
아세아렌트카,49
에이치렌트카,96
에이치씨렌트카,65
새한글로벌렌트카,187
코바렌터카,52
마춤카,176
기아,7
신형렌트카,8
롯데렌탈,221
금강렌트카,27
동양렌트카,7
동양렌트카,3
동양렌트카,6
동양렌트카,11
현대관광렌트카,16
현대관광렌트카,12
현대관광렌트카,8
타슈카협동조합,79
타슈카협동조합,0
하나렌트,40
에이스랜트,94
행운렌트카,77
하나렌트카,147
주식회사 더블에이치렌트카,104
장기렌트카,204
한지렌트카 울산영업소,59
한진렌트카 울산남영업소,20
한진렌트카 울산삼산영업소,20
현대캐피탈,1
뉴그린렌트카,26
드림렌트카,48
백운렌트카,53
조은렌트카,76
수성렌트카,73
뉴신화렌트카,69
피피카,72
피피카,0
피플카,116
피플카,0
한진렌트카,39
인스렌트카,11
엠제이렌트카,11
아세아렌트카,10
포항알프스,26
우리렌터카,90
휙고,38
케이디에프,0
케이디피플,33
코리아렌트,24
코리아렌트,0
중부,385
중부,0
케이디에프,132
에스비렌트,137
에스비렌트,0
에이치케이나라렌트카,171
에이치케이나라렌트카,0
오케이렌터카,35
오케이렌터카,0
우리렌트,54
우리렌트,0
제일렌트카,43
베스트,136
제주알프스렌트카,176
제주파워렌트카,183
제주공항전기차,230
우도전기렌트카,100
제주아이렌트카,150
라인렌트카,218
자보렌트카,100
제주원렌트카,187
매일렌트카,127
비비카,150
제주유레카,100
스마일렌트카,100
삼화렌트카,66
태산렌트카,69
드림렌트카,50
제주스타렌탈,100
제주제일렌터카,170
해피네트웍스,414
퍼시픽렌트카,393
씨엘씨,329
신성렌트카,6
동부렌트카,14
세원렌트카,8
제일렌트카,3
그린카,25
지에스렌트카,3
더블유렌트카,1
굿데이렌트카,7
케이참신렌트카,10
신세계렌트카산업,50
에스더블유모터스,45
에스더블유모터스,0
오토렌트카 남원지점,8
삼일렌트카 남원영업소,14
와이렌트카 남원영업소,18
SK,1410
엠케이렌트카 남원영업소,20
타고,5
드림렌트카,86
아이렌트카,126
에이치엠렌트카,100
유진,52
제이비렌터카,143
중부렌트카,318
중부렌트카,8
중부렌트카,30
중부렌트카,3
세륜,0
세종렌트카,9
브이아이피렌트카,83
더굿카,184
에쓰렌트카,1
삼성렌트카,13
금강렌트카,22
우리렌트카,7
동원렌트카 서산영업소,3
롯데렌탈,337
조은렌트카,4
메트로렌탈엔투어서비스,82
뉴월드렌트카,55
세원렌트카,49
해피렌트카,79
제이에스밴,64
세종통운,8
동아렌트카,21
조은렌트카,2
서경렌트카,22
삼성렌트카,30
스마트렌트카,62
뉴하이렌트카,11
우성렌터카,84
한지렌트카,35
한지렌트카,26
한지렌트카,32
한진렌트카,9
한진렌트카,20
엠알렌트카,2
가가렌트카 부안영업소,29
현대디씨렌트카,88
성산렌트카,52
제로렌트카,54
케이에스렌트카,248
동아렌트카,30
기풍렌트카,237
기풍렌트카,5
오산렌트카,82
도일렌터카,55
광렌트카,70
대상렌트카,7
스타렌트카,15
대박렌트카,54
로얄렌트카,117
롯데캐피탈,3614
마춤카 주식회사,725
몬스터렌터카,78
케이카,0
마스타자동차관리,6
스마트렌트카 강릉,11
휴렌터카,44
더뉴 렌터카,58
연보라,77
쏘카,57
뉴하이렌트카,16
참신렌트카여행사,4
로또렌트카,1
뉴새한렌트카,7
블루렌트카,10
부경렌트카,19
웨이,0
345렌트카,101
굿데이렌트카,121
굿렌트카,54
그린카,2519
뉴삼보렌트카,51
롯데렌탈,46693
삼일렌트카,16
동부렌트카,22
해남렌트카,26
연합렌트카,30
아이엠에스원,4
스타렌트카,7
가인렌트카,58
넘버원렌트카,53
대화렌트카,110
리라렌터카,55
삼일렌트카,69
세이브카,408
신협우리들렌트카,71
아시아렌터카,101
에스엔비오토,52
유엔렌트카,71
이삭렌터카,428
제이렌트카,163
조아렌트카,54
키움오토렌탈,45
가람렌트카,53
케이디렌트카,130
타고,285
행복오토랜드,20
뉴새한렌트카,322
타이거운수,264
토마토렌트카,1448
퍼블리렌터카,79
프라임렌트카,177
하이엔드렌터카,57
바로렌터카,152
마이젠카,116
타봄,71
라이온렌트카,55
힐스테이트미사역타운즈00001,10
써밋렌터카,113
차세대렌트카,87
차세대렌트카,135
가자렌트카,92
우리렌트카,250
오토비즈파트너스,53
제이씨아이렌트카,28
이렌터카,23
저스트렌트카,70
제이모빌리티,26
차놀자렌터카,20
희망드림렌트카,37
행운렌트카,62
힐튼렌트카,113
참신렌트카여행사,6
나우렌트카,66
참신렌트카여행사,38
다카렌터카,252
청주제일,3
타라고,72
주식회사 스마트이브이,50
베스트렌트카,4
스마트렌트카,7
SK,7
레드캡투어,12
대원렌트카,2
세종렌트카,76
카일이삼제스퍼,0
굿모닝 렌터카,121
케이렌트카,33
가인렌트카,7
뉴현대드림렌트카,12
유진렌트카,0
SK,170
위굴리,86
아이에스렌터카,6
초이스렌트카,1
참신렌트카여행사,16
라이프렌터카,11
에이치케이렌트카,3
에이치케이렌트카,5
에이치케이렌트카,7
글로벌렌터카 그린영업소,58
나라렌터카,19
나라렌터카 문막영업소,20
나라렌터카 단계영업소,19
나라렌터카 우산영업소,35
로또렌트카,7
로또렌트카 원주영업소,10
로또렌트카 명륜영업소,23
로또렌트카 캠핑카놀자영업소,1
써플라이코리아,18
한화렌트카,71
용인렌트카,110
브이아이피렌트카,65
건아렌트카,43
세진알엔씨,205
현대렌트카,232
미소렌터카,136
건아통운렌트카,6
금마렌터카,10
경동렌트카,95
플러스렌트카,61
내차처럼렌터카,73
그레이렌트카,46
스타렌트카,29
엔케이렌트카,66
위카,40
우리렌트카,28
이삭렌트카,23
동서남북렌트카,47
프리렌트카 손해사정,21
다성,14
율렌트카,55
하와이렌트카,21
062렌트카,48
에스제이렌트카,20
유한회사 에이스렌트카,30
유한회사 한강렌트카,20
주식회사 삼성렌트카,20
이지렌트카,102
원렌트카 주사무소,99
하나로렌트카,3
기아렌터카,255
케이네트웍스,70
참조은,69
성오렌트카,50
신우,58
모아렌트카,58
차놀자렌트카,273
스타인,78
에스디,83
SK,51355
청명렌트카,6
렌탈포유 렌터카,34
브이아이피렌터카,13
브이아이피렌터카,11
아시아렌트카,62
아시아렌트카,1
아시아렌트카,18
아시아렌트카,6
아시아렌트카,21
이엔에이렌탈,103
이엔에이렌탈,64
오뚜기렌트카,51
듀오렌트카,53
빌려타렌트카,0
빌려타렌트카,11
위메인렌터카,85
터미널렌트카,45
더라임,50
애드렌트카,61
경성렌트카,106
해동렌트카,53
바로이렌트카,53
이카모빌리티 주식회사,32
예스렌터카,105
제이피케이모빌리티,111
비에프모빌리티,57
비에프모빌리티,0
태경렌트카 강진영업소,224
옥천렌트카,72
삼보렌트카,801
삼보렌트카,31
클로버렌트카,0
클로버렌트카,36
클로버렌트카,152
강남렌트카,48
강남렌트카,30
빵빵카,78
빵빵카,12
케이티앤에스,0
케이티앤에스,56
투투렌트카,247
투투렌트카,20
오토셀렉트,49
고고렌트카,43
뉴세진렌트카,52
바바리안모터스,59
가나다렌트카,1
가나다렌트카 ,6
네스트렌트카,25
더뉴카렌트카,34
듀오렌트카,41
제이피케이모빌리티,20
경동렌트카,72
경원렌트카,67
고려렌트카,404
씨엔에스렌터카,16
공항렌트카,93
국제렌트카,127
굿모닝렌트카,121
극동오토렌탈,81
청훈렌트카,21
인더스,51
경기렌트카,100
조은렌터카,6
씨엔씨 감곡영업소,11
스타렌트카 금왕영업소,34
애니렌트카 금왕영업소,30
쏘카,15
한미렌트카,82
뉴가나다,65
제트렌트카,121
블루렌트,89
가온렌트카,50
케이투렌트카,61
에이스렌터카,97
어썸렌터카,59
경동,100
레드캡,620
하나렌트카,175
하나에스렌트카,449
한누리렌트카,50
대신렌트카,65
제이렌터카,120
큐렌트카,54
원렌터카,50
에이스렌트카,258
투가이즈렌트카,47
중부렌트카,9
오토렌트카,15
아이비렌트카,72
한진오토렌트카,85
코리아렌트카,57
모두렌트카,53
월드카익스프레스,276
위굴리,608
위너스앤파트너스,54
유씨아이오토렌탈,256
이안카,251
이지원카,50
인지카,259
크레아모터스,50
케이제이렌터카,55
플러스그린렌트카,91
가가렌트카,23
엠렌트카,58
티렌트카,73
오렌터카,58
황금렌트카,135
우림렌트카,66
우정렌트카,54
쏘카,37
이렌트카,314
인스렌터카,86
중앙렌트카,68
지티렌트카,258
콜렌트카,59
에이치에스렌트카,271
에코렌트카,58
엔카,99
오케이렌트카,66
유성렌트카,160
건아통운렌트카,3
쏘카,10
이지렌트카,68
태양렌트카,66
장풍물류렌터카,211
한찬코리아,66
중부,16
쏘카,132
제일렌트카,0
일구구사투어렌트카,6
제주친구-타카렌터카,42
엠티렌터카,102
팔도렌트카,122
팔도렌트카,10
이렌트카,32
신현대렌트카,51
경인렌트카,15
경인렌트카,8
가나다렌트카,13
가나다렌트카,4
에이스랜트,7
인천모빌리티사업협동조합,59
차렌터카,8
마춤카,38
나이스렌트카,57
이화렌트카,14
포항알프스,39
하이렌트카,6
한진렌트카,44
한진렌트카,22
한진렌트카,8
현대렌트카,36
현대렌트카,13
유로렌트카,116
천조렌트카,155
천조렌트카,17
천조렌트카,57
천조렌트카,33
천조렌트카,7
에이스렌트카,111
한빛렌트카,246
우리렌트카,98
우리렌트카,22
아이에스모빌리티,203
주식회사 가을렌트카,180
향우렌트카,121
빌려타렌트카,120
본렌트카,60
스마트렌트카,70
스타라인,56
신유렌트카,65
뉴삼우렌트카,24
뉴삼우렌트카,9
뉴삼우렌트카,10
뉴삼우렌트카,11
리베렌트카,38
리베렌트카,10
브이아이피렌터카,43
동아렌트카,64
차이카렌트카,83
스마트렌트카,19
엠알렌트카여행사,65
우솔렌트카,61
스마트렌트카 동해역,12
스마트렌트카 영덕,6
스마트렌트카 강릉,7
스마트렌트카 울진,5
모두의 렌트,22
현대렌트카,10
골드렌트카,16
주식회사글로벌금오렌트카,6
하늘렌터카,194
기풍렌트카 청양영업소,6
한일렌터카,4
아산렌트카,62
토토렌터카,132
조은렌트카,53
대아렌트카,110
케이원렌트카,171
에이엠렌트카,193
동양렌트카,75
동양렌트카 주문진,4
동양렌트카 옥계,3
동양렌트카 천곡,10
동양렌트카 경포,6
동양렌트카 붕붕,11
스마트렌트카,36
스마트렌트카 동해,10
스마트렌트카 도계,13
오토렌트카,63
온누리렌트카,94
우리렌트카,132
원츠,52
현대관광렌트카,32
글로리렌트카,5
로또렌트카,26
대민렌터카,64
가야렌트카,22
선진렌트카,23
뉴스카이렌트카,21
삼지렌트카,10
지에스렌트카,7
롯데렌트카,19
대한렌트카,13
제주동백렌트카,161
제주마음렌트카,186
제주야렌트카,145
바로렌트카,140
그린렌트카,100
롯데렌탈,2970
차세대,100
SK,2947
그레이트렌트카,54
뉴삼성렌트카,29
뉴삼성렌트카안산영업소,15
뉴삼성렌트카상록영업소,8
와이드,13
에이치디렌트카,172
비엠렌터카,38
선경엔씨에스렌트카,142
선경엔씨에스렌트카 안산영업소,24
선경엔씨에스렌트카 동안산영업소,10
선경엔씨에스렌트카 상록영업소,9
고고렌트카,28
이토이렌트카,56
오마이렌트카,164
중부가나렌트카,103
동원렌트카,126
원스탑렌트카,17
케이비넘버원렌트카,158
설 렌터카,32
가온플랫폼,26
세종통운렌트카,8
뉴드림렌터카,8
대한렌트카 고성우성영업소,17
메타버스앤무빙,15
푸른렌트카,33
원렌트카 동해영업소,27
지에스렌트카,4
오토월드렌트카,139
한성렌터카,118
신우렌트카,75
스마트렌트카,51
애드플레이,50
아톰투비트,21
마블렌트카,21
오즈렌터카,24
주식회사 빈,24
주식회사 팝콘렌트카,22
에이엑스렌트카,26
스탠스컴퍼니,16
제주친구,8
진렌트카,19
디에이치렌트카,42
가가렌트카 남원영업소,16
건영렌트카,152
경일알씨,522
글로벌렌터카,34
영일렌트카,112
예스렌트카,96
오케이렌트카,158
아이렌트카,9
대한렌트카,28
로또렌트카 강릉영업소,11
로또렌트카 주문진영업소,9
로또렌트카 북강릉영업소,17
쏘카,152
뉴대한렌트카,1
독도렌트카,48
독도렌트카,18
독도렌트카,17
피제이렌트카,30
빛고을렌트카,27
팡팡렌트카,19
태봉렌트카,61
야떠나자렌트,17
생생렌터카,5
더클래서렌터카,15
비에프오토모빌리티,15
비에프모빌리티,19
동부렌터카,197
삼일렌터카,192
드림렌터카,123
경원렌트카,73
일일사렌트카,26
일일사렌트카단원영업소,14
일일사렌트카일동영업소,11
일일사렌트카사동영업소,9
그린렌트카,19
케이렌트카,45
케이렌트카이동영업소,8
오토렌트카,114
조은렌트카,359
지에스렌트리스,191
중호렌트카,23
가가렌트카,8
원렌트카 주사무소,91
현대관광렌트카 동해영업소,15
현대관광렌트카 동해터미널영업소,4
현대관광렌트카 동해KTX영업소,26
동양렌트카 천곡영업소,20
스마트렌트카,12
가자렌트카 평창영업소,14
평창디씨렌트카 평창영업소,8
브이아이피렌트카 평창영업소,8
브이아이피렌트카 평창영업소,5
두성렌트카,17
금강렌트카,1
엔아이씨이새인천렌트카,87
에이블러스,56
퍼스트 더원,51
알씨아이파이낸셜서비스코리아,95
뉴현대드림렌트카,89
덕창렌트카,50
오토핸즈마이렌터카,366
와이렌트카,214
카일이삼제스퍼,26
한울렌터카,54
지에스렌탈,62
삼일렌트카,88
삼일렌트카,0
하이엠카,244
하이월드카,74
하이월드카,10
뉴현대렌트카,1
고려렌트카,20
에이스투어렌터카,47
일구구사투어렌트카,117
케이제이렌트카,89
전남렌트카,48
씨에스렌트카,50
강산렌터카,409
뉴이삭렌트카,106
타보고렌터카,124
캠버렌트카,50
아온,173
원일렌트카,92
금강렌트카,28
동양렌트카 주문진영업소,3
동양렌트카 옥계영업소,4
동양렌트카 경포영업소,6
동양렌트카 붕붕영업소,10
현대관광렌트카 강릉포남영업소,17
현대관광렌트카 강릉역KTX영업소,10
현대관광렌트카 스마일영업소,17
현대관광렌트카 강원영업소,14
케이투렌트카 강릉영업소,7
케이투렌트카 강릉2영업소,11
하늘렌트카,267
건아렌트카,13
신형렌트카,37
엠케이렌트카 제천영업소,7
엠제이렌트카 제천영업소,5
엠제이렌트카 의림영업소,4
베스트렌트카,22
글로벌파트너 제천영업소,3
애니렌트카,21
렌트존,127
아스타렌트카,1291
픽스렌트카,119
광야렌탈,114
메이트렌터카,92
이머징카,226
더씨엘,50
스마트렌트카,8
새한글로벌렌터카,19
진해군항렌터카,4
글로벌금오렌터카,18
제로렌트카,167
햇살렌트카,57
케이제이렌탈,661
26렌트카,125
현렌트카,95
반디렌터카,29
리더스렌트카,105
도윤렌트카,26
제이씨아이렌트카 단구영업소,17
해태렌트카,53
히든렌트카,45
현대디씨렌트카,72
우리렌터카,117
마춤카,173
기아,6
신형렌트카,10
롯데렌탈,236
SK,110
롯데렌탈,12
SK,18
제이씨아이렌트카,33
초이스렌트카 가평영업소,4
경진카,70
경진렌트카,10
그린렌트카,27
장기렌터카,8
라이프렌터카,21
연보라,1
아이에스렌터카,1
제이씨아이렌트카,7
명가렌트카,10
명가렌트카,0
명가렌트카,38
명가렌트카,5
브이아이피렌트카,28
에스아이렌트카,54
에이엔티렌터카,172
엔젤렌트카,4
금성,334
제너스렌트카,60
광명렌트카,158
녹원렌터카,100
제주보고타렌트카,100
플러스제주렌트카,100
레인보우모빌리티,182
디알,150
제주이브이전기렌트카,100
제이공항렌트카,102
제이테크인,60
금강렌트카,169
하이렌터카,100
국제렌트카,100
신동아렌트카,105
제주아이엔지,293
일출렌터카,100
소풍렌트카,202
만세,98
만세,0
우성운수,572
쏘카,59
더굿카,18
알앤에이,11
현서렌트카,11
SK,5
새한글로벌렌트카,57
신화오토렌탈,6
그린카,46
모두렌터카,6
유성렌트카,7
제너스렌트카 가평렌트카,5
경남기업렌트카,62
골드렌트카,158
세븐렌트카,136
스마트렌트카,65
신한렌트카,142
안전렌터카,165
오케이렌트카,103
조은렌트카,152
한성특운,110
베스트렌트카,73
진해군항렌트카,63
현대관광렌트카 동해영업소,14
현대관광렌트카 동해터미널영업소,7
현대관광렌트카 동해KTX영업소,25
동양렌트카 천곡영업소,15
스마트렌트카,15
스마트렌트카,11
원렌트카 동해영업소,31
지에스렌트카,6
케이디에프,6
조은렌트카,11
성산렌트카,16
참신렌트카,13
우리렌트카,15
서경렌트카,11
에이엠렌트카,2
글로벌파트너,176
베스트렌트카,550
가가렌트카,322
킹렌트카,7
미소렌트카,7
제이유렌트카,140
위고투렌트카,177
뉴현대렌트카,42
오케이렌트카,8
새한글로벌렌트카,17
엠알렌트카,11
글로벌금오렌트카,15
극동오토렌탈,6
지에스렌트카,12
쏘카,38
오렌지렌트카,54
아산렌트카,8
에스에스모빌리티,45
에스에스모빌리티,25
에스에스모빌리티,91
백두산렌트카,50
칸렌트카,49
인렌트카,53
라온렌트카,73
주식회사남산렌터카,58
에이에이렌터카,54
오토플러스,220
카렌디피티,50
신화렌트카,65
대주렌트카,77
서울지에스렌트카,59
코리아렌터카,201
초원렌트카,50
우리렌트카,44
도연렌트카,118
모젠렌트카,49
아비스렌트카,139
알씨렌트카,32
강경렌트카,11
쏘카,60
참신렌트카여행사,62
이렌트카,3
케이비오토렌터매니지먼트,8
롯데렌탈,335
SK,149
국화렌트카,14
렉스렌터카,19
씨티렌터카,15
유성렌트카,64
부경알엔티,61
잇다,97
창신렌트카,154
하이렌터카,83
경남렌터카,95
엔젤렌트카,87
동아렌트카,136
제로알엔티,97
미스터제이케이렌트카,46
보배렌트카,85
샤이어렌트카,60
서영렌탈,0
솔루션모터스,151
스타렌트카,604
스피드원렌트카,62
씨앤에이치프리미어렌탈,1072
아이언렌트카,306
에스카테크,85
엠캐피탈,3102
오케이모터스,33
투투렌트카,0
투투렌트카,187
투투렌트카,30
투투렌트카,7
투투렌트카,5
투투렌트카,74
투투렌트카,9
투투렌트카,4
도도렌트카,40
도도렌트카,185
도도렌트카,35
도도렌트카,19
도도렌트카,47
도도렌트카,117
도도렌트카,118
도도렌트카,20
도도렌트카,10
도도렌트카,7
도도렌트카,6
도도렌트카,11
도도렌트카,17
도도렌트카,0
도도렌트카,5
도도렌트카,8
마스타자동차관리,45
마스타자동차관리,100
마스타자동차관리,0
마스타자동차관리,2
마스타자동차관리,14
마스타자동차관리,10
마스타자동차관리,1
마스타자동차관리,4
삼성렌터카,53
삼성렌터카,8
삼성렌터카,16
삼성렌터카,0
삼성렌터카,31
삼성렌터카,13
렌터카다모아,130
지지렌트카,40
지지렌트카,9
지지렌트카,25
지지렌트카,20
지지렌트카,2
케이밴코리아,70
센트로렌트카,101
거성렌트카,24
거성렌트카,0
SK,1773
레저가온,27
엠제이렌터카,7
드림렌트카 하동영업소,0
서경엔카 하동점,6
부경알엔티 하동영업소,2
차렌터카,69
차렌터카,19
세종통운,2
베스트렌트카,11
우리렌트카,20
서경렌트카,21
천마렌트카,191
거제곰두리렌트카,90
오케이렌트카,5
롯데렌탈,57
진해군항렌트카,10
케이에스렌트카 거제,13
케이디렌트카,7
케이렌트카,123
한길렌트카,90
한길렌트카,50
한길렌트카,0
한결렌트카,62
한결렌트카,95
한결렌트카,44
오케이렌탈,26
오케이렌탈,33
아이원렌트카,68
아이원렌트카,88
뉴드림렌트카,85
경진렌트카,136
동산렌트카,214
렌트114,113
삼성통운,55
성일렌트카,288
에스와이렌터카,110
진렌트카,120
굿모닝 렌터카,8
제일렌트카 완도영업소,6
코끼리렌트카 완도영업소,7
뉴스마트렌트카,21
삼성렌트카,19
하이렌트카,21
렌트카투유,38
렌트카투유,0
렌트카투유,16
대현렌트카,0
대현렌트카,67
은하수렌트카,71
모네타렌트카,86
명가렌트카,52
하나렌트카,67
이화렌트카,63
이화렌트카,66
거성렌트카,10
빌림,112
빌림,220
빌림,20
빌림,0
씨엘모터스,13
씨엘모터스,15
씨엘모터스,36
비덱카,50
비덱카,10
비덱카,38
비덱카,30
비덱카,26
비덱카,111
케이제이렌트카,33
케이제이렌트카,18
케이제이렌트카,40
모두가치,80
모두가치,0
엘에스엠컴퍼니,37
3G렌트카,14
성공렌트카,8
케이원렌트카,55
엠알렌트카,59
마이렌트카,107
제이와이렌트카,93
그린렌트카,39
한국자동차 주식회사,87
현대렌트카,88
콜렌트카,50
에버렉스,50
브이카,225
청화렌트카,285
에프엔렌트카,62
타오렌터카,53
인모션,15
해피네트웍스,29
도윤렌트카,109
나이스오토월드,121
렌터카바로,91
프란렌트카,152
다원렌트카,46
스카이렌트카,261
굿카서비스,11
지카,57
마이젠카,23
투투이엔지,59
제이와이렌트카,51
스타스카이,137
렉스렌터카,10
카즈,61
건아렌트카,87
렌트온,50
플러스렌터카,10
플러스렌터카,8
플러스렌터카,9
플러스렌터카,17
플러스렌터카,120
플러스렌터카,80
플러스렌터카,100
플러스렌터카,59
플러스렌터카,34
플러스렌터카,3
카타고,247
지엔카,51
삼일렌트카 완도영업소,1
스마트렌트카 완도영업소,24
동부렌트카 완도영업소,16
드림렌트카 완도영업소,5
세계로렌트카,39
세계로렌트카,67
라이프렌트카,31
라이프렌트카,22
라이프렌트카,4
라이프렌트카,14
엔터프라이즈코리아,97
포시즌렌트카,374
뉴경성렌트카,246
농협네트웍스,4342
제이앤제이렌트카,116
어디가렌트카,63
한국전자금융카셰어링,2
홈플러스김포점카셰어링,2
에스에이치오토렌탈,10
오토매니지먼트렌터카,277
그린카 김포영업소,325
쏘카,11
SK,29
보람렌트카,73
솔렌트카,10
신형렌트카,12
애니렌트카,150
롯데렌탈,513
엠케이렌트카,7
성공렌트카,16
굿모닝렌트카,32
아이비렌트카,1
베스트렌트카,20
엠제이렌트카,14
지엠물류,12
한빛렌트카,14
조은렌트카,13
브이아이피렌트카,23
쉐보레김포 카셰어링,1
신김포[1],3
신원렌트카,156
쌍용자동차 김포 카셰어링,2
에이제이렌터카,1
에이제이렌터카 김포예약소,10
오름렌트카,12
장기1공영주차장 카셰어링,2
장기2공영주차장 카셰어링,2
장기음식주차타운 카셰어링,10
건웅종합관리 카셰어링,2
고고렌터카,11
뉴오렌지렌트카,187
래디우스랩,4
레드캡투어,1
렌탈포유렌트카,113
쏘카,54
포시즌렌트카,12
피제이렌트카,27
피제이렌트카,2
칠성주차장 카셰어링,2
디에스오토파이낸셜,62
렌트로,88
달렌트카,53
안전,19
오토렌트카,17
금강렌트카,52
보아스네트웍,61
오토핸드렌트카 김포영업소,13
이렌트카,1
청명렌트카,5
행운렌트카,10
GS파크24이마트에브리데이통진점,3
김포한강[1],8
뉴삼우렌트카,7
더원렌트카,55
롯데렌탈 김포영업소,35
롯데마포-김포카셰어링,1
르노삼성김포 카셰어링,1
성운렌트카,14
세륜,333
엠앤씨렌트카,129
지니렌터카,54
창희렌트카,95
케이에이치렌트카,135
퍼스트렌터카,53
하나로렌트카-수원,71
강경렌트카,105
고렌트카,148
아주모터스,176
에코렌트카,195
오리엔탈렌터카,120
지에스렌트카 오토리스,94
달카,202
이노스렌트카,307
미래렌터카,3
센트럴렌터카,2
롯데렌터카,14
포유,0
대원렌트카,15
엠케이렌트카,5
소카당진영업소,7
지엠물류당진영업소,8
참신렌트카여행사,7
뉴이삭렌트카,0
명성렌트카,64
신영렌트카,112
솔렌트카,139
솔렌트카,21
스마트렌트카,45
조아렌트카,62
SK,14
퍼스트렌트카,61
마춤카,3
포유,2
뉴케이렌트카,75
차놀자렌트카,4
삼천리렌트카,10
경진렌트카,4
주성렌트카,55
경희렌트카,134
굿모닝산업,128
금강렌트카,157
모두렌트카,98
몬스터,76
솜렌트카,135
아이카,656
에버,70
에스에이렌터카,88
에스엠프리미엄렌트카,63
에이플러스렌트카,149
유일렌트카,66
화성렌트카,230
청명렌트카,145
서현렌트카,70
렌트카킹,174
한일렌트,70
아이제이렌트카,84
지오렌터카,311
다원렌트카,87
와이엔제이컴퍼니,56
신현대렌트카,52
대상렌트카,16
월드렌트카,50
유진렌트카,49
카존렌트카,98
오렌지렌트카,49
씨엔씨,7
제이케이비,71
준카 주식회사,213
쓰리케이스컴퍼니,90
하이원렌터카,60
아이팩,6
세종통운,38
서경렌트카,5
서경엔카,2
에스에이씨렌터카,39
우리렌트카,51
뉴금강산렌트카,68
나이스렌트카,112
마이오토링크,167
제트카,152
제트카,188
제트카,161
제트카,213
제트카,131
제트카,291
선우렌트카,128
경도렌트카,57
미래렌트카,88
자유로운수,78
프린스렌트카,163
부일렌트카,52
26렌트카,1
가자렌트카,64
현대관광렌트카,266
쏘카,8
그린카,14
프란렌트카,0
위굴리,17
롯데렌터카,0
한진렌트카,64
마스타자동차관리,5
SK,55
삼성렌트카,151
삼성렌트카,42
오토렌트카,12
성공렌트카,116
엠케이렌트카,90
태일렌트카,60
스타렌트카,146
스타렌트카,16
스타렌트카,39
스타렌트카,0
동운렌트카,49
노블렌트카,155
킹덤렌트카,116
SK,127601
인스렌터카,1
인스렌터카,25
삼성렌트카,12
대구렌트카,10
글로벌금오렌트카,4
국화렌트카,53
조은렌트카,59
우리렌트카,27
라이온렌트카,2
대한렌트카,268
코바렌트카,45
MK렌트카 문경영업소,35
공항렌트카,11
하나렌트카,7
롯데렌탈,27
쏘카,4
현대관광렌트카,9
경일알씨,2
내차처럼렌트카,4
sk렌터카,7
솔렌트카,3
삼보렌트카,69
더블유렌트카,51
우리렌트카,52
제이와이엔터,67
빌려볼카,63
엠케이렌트카,104
엠케이렌트카,0
현대렌트카,168
현대렌트카,0
굿초이스,75
진렌터카,6
경원렌트카,4
창희렌트카,11
인스렌터카,6
글로벌금오렌트카,10
하이렌트카,7
롯데렌탈,20
타고,12
미르렌트카,2
대구렌트카,0
가가렌트카,27
백운렌트카,4
글로벌파트너,29
삼영렌트카,162
경동렌트카,269
가나렌트카,92
골드렌트카,73
경동에이엔씨,50
에스디서비스,50
지에스렌트카,389
케이네트웍스,4
경인렌트카,83
경인렌트카,48
한솔네트웍스,91
수성렌트카,60
글로벌금오렌트카,181
글로벌렌트카,54
지에이치엔터프라이즈,173
뉴삼일렌트카,119
뉴예스렌트카,193
대경렌트카,46
대구렌트카,204
알앤에이,61
준,63
렌트카 엠,58
마이카렌트,104
미르렌트카,160
미스터렌트카,53
시원렌트카,75
브이아이피렌트카,135
삼천리렌트카,57
오라렌트카,233
제주삼성렌트카,176
예스렌트카,302
제주한라렌트카,130
제주자연렌트카,157
디렌트카,142
제주카카오렌트카,405
하이제주렌트카,195
제주명품렌트카,155
씨유렌트카,157
제주엔젤렌트카,200
오렌지렌트카,160
로그인렌트카,424
씨카,100
제주에코렌트카,178
자유렌터카,159
제주카카,220
땡큐제주렌트카,310
제주다움렌터카,435
로얄렌트카,196
블루렌트카,486
로보트렌트카,101
SK,126
세진알엔씨,199
현대렌트카,230
타라고,48
태성렌트카,24
그리드렌트카,35
다음렌트카,75
골든레저,26
차이카렌트카,5
주은렌트카,127
명성렌트카,53
미소렌트카,100
레인보우모빌리티 강원영업소,32
코끼리렌트카,75
갤럭시렌터카,239
제주유명렌트카,353
조아렌트카,380
에이스렌트카,138
허니문렌트카,54
크라운렌트카,66
에이티렌터카,87
드림렌트카,63
인천공항렌트카,74
디디렌트카,55
씨엔에스어울림렌트카,83
티지전기차,1
우솔렌트카,65
오케이렌트카의성영업소,5
굿모닝오토랜드,449
리스본렌트카,76
남부현대차서비스,86
한강렌터카,81
위굴리,33
유성렌트카,0
하나로렌트카,1
지에스렌트카 오토리스,13
그린카,0
차놀자렌트카,10
한솔네트웍스,14
수렌터카,111
듀오카,88
위드문렌트카,50
국민렌트카,70
뉴대명렌트카,149
뉴드림렌트카,51
모아카,51
알렌트,50
엠제이렌트카,72
엠제이렌트카,19
엠제이렌트카,8
엠제이렌트카,24
에이스렌터카,76
경기렌트카,104
중앙렌트카,73
센트럴렌트카,1263
에이엠렌트카,35
삼원렌트카,53
전진렌터카,80
씨에이치랜드,64
렌트카코아,73
모두카,49
웨이 분당영업소,41
웨이 대구 영업소,5
웨이 대구 영업소,3
웨이 광주빛고을영업소,4
웨이 부산동래영업소,4
웨이 부산강서영업소,1
웨이 광진영업소,3
웨이 반포영업소,10
웨이 부산서면영업소,3
웨이 수원시청영업소,0
웨이 하남미사영업소,2
웨이 화성동탄영업소,2
웨이 광교영업소,3
웨이 울산중앙영업소,7
케이비렌트카 주사무소,196
케이비렌트카 해남영업소,5
드림렌터카 주사무소,79
드림렌터카 강진영업소,7
엠제이렌트카 주사무소,107
엠제이렌트카 보성영업소,7
아산렌터카 주사무소,48
아산렌터카 무안영업소,8
오렌지렌트카 주사무소,54
쏘카,23
비마이카렌트카,9
금봉렌트카,5
금봉렌트카,57
제이비렌트카,136
제이비렌트카,3
제이비렌트카,10
제이비렌트카,19
웨이,26
웨이 부산영업소,6
웨이 부산영업소,16
웨이 부산영업소,30
웨이 부산사하영업소,6
웨이 부산사하영업소,5
웨이 분당영업소,53
웨이 분당영업소,51
오렌지렌트카 무안영업소,0
제일렌트카 주사무소,38
제일렌트카 순천영업소,26
제일렌트카 여수영업소,22
제일렌트카 일산영업소,34
노블레스렌트카 주사무소,104
노블레스렌트카 목포역영업소,0
노블레스렌트카 광주영업소,2
모아렌트카 주사무소,54
유렌트카,59
고려렌트카,17
극동오토렌탈,9
대영기업,50
영일산업,51
한진렌트카,18
건일렌터카,2
건일렌터카,26
한지렌트카,36
뉴그린렌트카,19
세진렌트카,69
포유,261
채움렌트카,160
디앤알,62
제일렌트카,59
지원렌터카,59
제이티렌트카,108
우리캐피탈렌터카,496
수렌트카,147
유카,66
타고타,45
오토핸즈,54
코오롱모빌리티그룹,43
케이비넘버원렌트카,2
스마트렌트카,162
에스제이,25
지렌트카,236
케이렌트카,89
기풍렌트카 신하점,7
기풍렌트카 이천영업소,6
가가렌트카,20
뉴현대드림렌트카,18
둔산렌트카,4
미래렌트카,17
타이거렌트카,11
한지렌트카,16
차판사렌트카,64
나라렌트카,25
나라렌트카,8
나라렌트카,24
블루렌트카,53
임스타렌트카,79
데일리엠카,50
엔젤렌터카,48
비케이렌트카,56
맥스렌터카,156
스마트렌트카,117
이지렌터카,259
퍼스트렌트카,426
씨엔씨,36
에이제이렌트카,7
유카,135
제이디렌트카,11
카보스렌트카,125
코리아렌트카,32
포유,13
롯데렌탈,30
청화렌트카,12
고릴라렌트카,158
고릴라렌트카,2
골드타워,527
케이카렌탈,120
케이카렌탈,166
케이카렌탈,2
나인렌터카,180
나인렌터카,117
나인렌터카,10
나인렌터카,8
나인렌터카,1
나인렌터카,13
뉴삼우렌트카,31
특별한렌트카,255
제주드림렌트카,109
제주여행렌트카,119
제주타요렌터카,130
좋은,220
KD,293
제주평화렌트카,150
제주현대렌트카,390
쏘카,781
썬렌트카,303
스마트렌트카,105
무지개렌트카,879
뉴대한렌트카,198
우리렌트카,134
공항렌트카,142
레츠고렌트카,194
퍼스트렌트카,190
통일렌트카,211
더쎄븐렌트카,137
에스제이렌트카,292
메이저렌트카,173
더세이프렌터카,170
아리랑,216
제주아산렌트카,173
한국렌트카,238
탐라렌트카,498
써니빌렌트카,121
용두암렌트카,157
장수렌트카,100
가자제주렌트카,138
오름렌트카,225
제주렌트카,1162
제주오케이렌터카,820
굿모닝렌트카,126
제주공항렌트카,337
메트로렌트카,106
한길렌터카,120
대진렌트카,102
발리렌트카,114
렌트파크,100
하나렌트카,294
행운렌트카,108
제주사랑렌트카,173
한라산렌트카,155
블루렌트카,108
푸른솔관광,480
새한렌트카,49
성원렌트카,99
렌트투어,74
대영렌트카,591
제일렌트카,493
비엠더블유파이낸셜서비스코리아,4780
메르세데스벤츠모빌리티코리아,4831
브이아이피리모렌터카,106
디지비캐피탈,5211
아이엠에스원,35
솔렌터카,3
조렌트카,99
와이컴머스,48
